timestamp,model,command,cost,input_files,output_files
2026-01-31T20:20:00.506,,sync,0.0,,
2026-01-31T20:20:08.959,,sync,0.0,,
2026-01-31T20:20:17.824,,sync,0.0,,
2026-01-31T20:20:27.293,,sync,0.0,,
2026-01-31T20:20:36.270,,sync,0.0,,
2026-01-31T20:20:45.735,,sync,0.0,,
2026-01-31T20:21:27.373,,sync,0.0,,
2026-01-31T20:21:36.221,,sync,0.0,,
2026-01-31T20:21:44.583,,sync,0.0,,
2026-01-31T20:21:53.543,,sync,0.0,,
2026-01-31T20:22:02.255,,sync,0.0,,
2026-01-31T20:22:12.569,,sync,0.0,,
2026-01-31T20:22:34.431,,sync,0.0,,
2026-01-31T20:22:46.977,,sync,0.0,,
2026-01-31T20:23:02.263,,sync,0.0,,
2026-01-31T19:56:01.762,,generate,4.7377306,https://github.com/abhinavballa/RegWatch/issues/3,
